channel,region,customer_segment,campaign_type,ad_spend,impressions,clicks,click_through_rate,average_order_value,discount_percent,prior_purchases,website_visits_30d,email_open_rate,days_since_last_purchase,conversion
Organic,South,Returning,Retargeting,857.23,16703,2031,0.1216,62.76,0,2,7,0.3754,22,0
Google Ads,West,Returning,Conversion,213.92,14124,652,0.0461,42.5,20,2,4,0.3707,45,1
Organic,Central,High Value,Seasonal,216.37,14558,860,0.0591,75.29,5,0,8,0.5856,33,1
Referral,South,High Value,Retargeting,506.36,4030,263,0.0652,34.23,15,2,5,0.1484,95,1
Email,North,New,Awareness,511.75,20266,2030,0.1001,102.91,15,1,5,0.0754,117,1
SMS,Central,New,Seasonal,302.09,6637,1458,0.2198,102.76,10,1,5,0.4647,39,0
Organic,North,Returning,Conversion,192.01,18879,4186,0.2217,90.65,20,1,6,0.2564,84,0
Organic,East,Returning,Awareness,270.68,16597,2695,0.1624,83.51,20,2,1,0.2632,126,0
Email,South,New,Awareness,344.19,14598,893,0.0612,56.31,0,0,5,0.5732,41,0
Google Ads,North,Returning,Retargeting,176.97,8153,2150,0.2637,81.33,20,1,3,0.2111,21,0
Instagram,West,High Value,Awareness,379.41,12682,164,0.0129,56.08,10,1,8,0.1581,72,0
SMS,North,High Value,Conversion,477.06,9881,1587,0.1606,26.93,10,4,7,0.3505,86,0
Referral,West,Returning,Awareness,138.09,12131,2229,0.1837,88.06,20,1,7,0.3303,97,1
Organic,West,Returning,Conversion,480.41,10876,252,0.0231,80.58,15,1,3,0.2021,4,0
Google Ads,North,New,Conversion,232.55,2826,239,0.0845,57.37,10,0,5,0.1725,31,0
Instagram,North,Returning,Conversion,669.83,17048,1886,0.1107,33.5,30,1,5,0.1413,26,0
Google Ads,West,New,Conversion,457.47,11635,434,0.0373,46.28,15,1,3,0.1825,65,1
Email,East,Returning,Awareness,421.87,9818,1098,0.1119,21.58,15,3,4,0.3291,31,0
Organic,North,High Value,Retargeting,302.52,9479,369,0.039,76.9,0,0,8,0.1901,128,1
Google Ads,Central,New,Conversion,909.01,13613,1215,0.0892,25.93,5,0,7,0.2718,98,0
Organic,South,New,Retargeting,261.43,7978,813,0.1019,63.74,10,0,2,0.2877,1,1
Instagram,North,New,Awareness,196.41,1852,49,0.0265,41.13,15,1,3,0.191,48,0
SMS,Central,Dormant,Awareness,236.55,13832,1139,0.0823,29.47,15,0,2,0.0502,26,0
Organic,North,Returning,Awareness,515.83,14336,2370,0.1653,62.77,20,0,9,0.4674,15,1
Organic,East,New,Conversion,341.16,11102,146,0.0132,51.32,5,1,4,0.3649,65,0
Instagram,Central,Dormant,Conversion,318.21,6834,881,0.1289,74.76,20,1,5,0.1814,23,1
Google Ads,East,Returning,Retargeting,263.3,12400,1375,0.1109,32.65,20,0,7,0.3849,25,1
Email,East,Returning,Conversion,310.53,5410,1481,0.2737,42.85,20,1,1,0.2155,27,0
Email,South,Dormant,Conversion,254.65,7377,905,0.1227,10.25,20,3,5,0.1928,64,1
Referral,North,New,Conversion,439.85,8622,410,0.0475,14.31,25,2,9,0.1823,29,0
Organic,East,New,Awareness,289.25,15798,1737,0.11,93.96,0,2,6,0.1146,2,0
SMS,Central,Returning,Conversion,238.69,10368,1241,0.1197,99.67,20,0,2,0.096,66,1
Instagram,North,New,Conversion,496.36,9985,2002,0.2005,59.85,30,1,3,0.3896,46,1
Instagram,Central,High Value,Conversion,199.55,20796,3689,0.1774,41.52,15,0,5,0.127,6,0
Google Ads,East,New,Awareness,343.38,13586,1615,0.1189,52.03,5,1,3,0.0818,16,1
Instagram,East,New,Retargeting,114.18,13525,860,0.0636,75.47,30,2,1,0.2817,31,0
Email,North,New,Seasonal,159.64,10336,1287,0.1246,47.71,0,1,3,0.3253,68,1
Google Ads,West,Returning,Awareness,274.6,9316,658,0.0706,62.75,10,0,6,0.141,12,0
Instagram,North,New,Retargeting,252.41,2161,246,0.1138,57.74,0,4,8,0.2479,128,0
Referral,South,New,Retargeting,252.23,16359,529,0.0324,46.62,10,3,7,0.2509,12,0
Google Ads,West,Dormant,Conversion,459.36,14017,1983,0.1415,47.48,10,0,2,0.4888,10,1
Organic,North,New,Retargeting,471.48,11194,1660,0.1483,63.87,10,1,8,0.355,121,0
Referral,East,Returning,Retargeting,373.99,11382,1317,0.1157,38.46,25,2,7,0.5185,103,0
Instagram,East,New,Seasonal,194.23,15313,734,0.0479,67.03,10,1,5,0.1732,12,1
Organic,North,Returning,Seasonal,309.4,5004,217,0.0433,48.57,15,1,3,0.4196,41,1
Organic,South,New,Awareness,712.66,9346,1944,0.208,60.55,25,1,5,0.255,67,0
Instagram,South,Returning,Conversion,867.53,6887,1657,0.2406,85.68,20,1,2,0.299,1,1
Instagram,West,New,Conversion,498.53,19972,2596,0.13,54.64,5,0,8,0.0567,29,1
Referral,Central,Dormant,Awareness,198.05,15940,3580,0.2246,76.4,0,1,3,0.3038,60,1
Email,Central,Dormant,Conversion,310.67,2088,346,0.1655,22.16,15,1,7,0.1271,148,0
Instagram,North,New,Seasonal,362.8,5188,334,0.0643,48.59,25,1,4,0.0962,49,0
Email,North,New,Awareness,338.2,11404,1389,0.1218,58.55,15,4,8,0.0996,8,1
Organic,North,New,Conversion,522.02,9874,912,0.0924,96.47,5,1,1,0.1049,1,0
Referral,East,Returning,Retargeting,450.3,6040,865,0.1432,18.8,20,2,2,0.3239,6,1
Referral,North,New,Conversion,192.73,20751,2181,0.1051,56.08,15,3,8,0.4285,68,0
Organic,South,Dormant,Conversion,241.49,13406,1583,0.1181,87.13,15,0,7,0.4048,38,0
Google Ads,Central,High Value,Seasonal,497.59,14137,2072,0.1465,42.3,25,1,2,0.1707,32,0
Google Ads,Central,High Value,Conversion,594.34,8886,616,0.0693,53.74,20,1,6,0.1825,81,1
Email,Central,Returning,Awareness,364.87,15250,1444,0.0947,64.63,15,1,13,0.1101,33,1
Email,South,Dormant,Awareness,627.49,10288,1152,0.112,61.69,15,3,4,0.3198,4,0
Referral,West,New,Seasonal,346.12,10725,2019,0.1883,89.32,15,0,1,0.2445,30,0
Google Ads,West,Returning,Conversion,209.74,14750,3319,0.225,66.97,15,0,5,0.4659,106,1
Google Ads,North,New,Conversion,432.02,4670,232,0.0498,84.56,10,2,5,0.2842,5,0
Organic,East,Dormant,Awareness,1042.11,19187,1190,0.062,50.8,20,3,2,0.128,350,0
Google Ads,East,Returning,Conversion,171.03,12821,688,0.0537,43.19,15,1,5,0.5543,84,1
Google Ads,South,High Value,Seasonal,616.79,17764,3391,0.1909,53.49,10,0,10,0.4407,8,1
Google Ads,West,New,Conversion,421.07,7161,788,0.11,34.82,0,3,5,0.408,7,0
Instagram,West,Dormant,Seasonal,234.55,7846,440,0.0561,67.67,20,1,4,0.4849,76,0
Email,East,Returning,Conversion,115.73,6771,752,0.1111,50.28,15,2,4,0.1075,181,1
Google Ads,West,Returning,Conversion,91.35,13126,271,0.0206,44.56,10,2,4,0.3678,1,0
Instagram,West,Dormant,Seasonal,251.98,12297,370,0.0301,67.97,10,2,7,0.4873,41,0
Google Ads,East,Returning,Conversion,390.35,9910,307,0.0309,35.13,5,2,4,0.2289,29,0
Organic,South,Returning,Conversion,481.32,7437,1253,0.1685,73.41,30,3,7,0.3652,16,1
Instagram,West,Returning,Seasonal,531.33,6300,1122,0.178,48.43,25,1,3,0.1666,11,0
Email,West,New,Conversion,374.74,11782,771,0.0654,81.18,15,0,6,0.3979,6,1
Instagram,Central,New,Conversion,348.56,9905,720,0.0727,50.15,10,3,0,0.4804,19,0
Instagram,North,New,Seasonal,278.93,8915,412,0.0463,70.64,20,2,6,0.2142,84,0
Referral,East,New,Awareness,394.66,18962,641,0.0338,61.59,15,3,3,0.1347,4,1
Google Ads,Central,Dormant,Conversion,236.3,11630,616,0.0529,72.88,30,0,5,0.1047,112,0
Organic,East,Returning,Awareness,175.69,17715,2078,0.1173,60.2,0,1,4,0.3419,47,0
Referral,Central,Returning,Conversion,338.7,9600,1123,0.117,24.73,0,0,7,0.131,3,0
Google Ads,North,Returning,Awareness,464.82,13101,229,0.0175,78.18,15,0,6,0.2959,60,0
Organic,North,Returning,Retargeting,156.8,11750,681,0.0579,56.25,5,0,3,0.1468,18,0
Email,West,Returning,Awareness,251.99,4361,378,0.0867,73.79,15,2,5,0.342,21,0
Email,South,Dormant,Retargeting,332.93,18428,2291,0.1243,71.8,20,2,6,0.2661,42,0
Email,East,Dormant,Conversion,329.71,11392,590,0.0518,42.53,0,0,7,0.256,38,0
Referral,East,Returning,Conversion,416.01,15359,2187,0.1424,39.7,10,3,6,0.0508,156,0
Google Ads,East,New,Conversion,703.4,8616,605,0.0702,71.11,15,3,5,0.2221,63,0
Email,Central,Returning,Retargeting,91.85,11258,1544,0.1371,51.94,20,3,5,0.3447,30,0
Google Ads,North,Returning,Conversion,717.78,8099,1134,0.14,76.73,10,1,11,0.2039,23,1
Email,West,Returning,Conversion,689.13,17562,1432,0.0815,54.44,5,1,7,0.2273,16,1
Referral,Central,High Value,Seasonal,484.92,13401,3995,0.2981,78.47,15,2,4,0.1006,1,0
Google Ads,West,Returning,Conversion,361.77,13652,1146,0.0839,66.47,10,2,10,0.3274,79,0
Instagram,South,New,Awareness,238.58,18112,3103,0.1713,63.76,20,4,6,0.2404,17,0
Instagram,North,New,Seasonal,482.25,17204,2794,0.1624,50.52,15,0,1,0.0775,51,1
Google Ads,West,Returning,Conversion,370.34,15444,609,0.0394,62.65,5,1,6,0.2385,30,0
Instagram,East,New,Awareness,281.77,5602,356,0.0636,81.86,20,0,4,0.2924,62,0
Email,North,New,Conversion,476.61,8869,1520,0.1714,56.92,15,2,3,0.2241,21,1
Email,South,High Value,Awareness,513.86,7483,527,0.0705,68.62,0,1,6,0.2122,90,0
SMS,Central,Returning,Awareness,62.84,15274,2053,0.1344,58.93,15,0,6,0.2916,27,0
Organic,South,New,Retargeting,592.25,12768,688,0.0539,60.49,30,0,6,0.1742,3,0
Referral,North,Returning,Awareness,225.79,5743,762,0.1327,92.47,20,0,2,0.2826,16,0
Instagram,West,High Value,Retargeting,557.76,11151,630,0.0565,82.03,5,3,5,0.4777,32,1
SMS,North,New,Seasonal,284.28,5276,764,0.1448,59.59,20,1,3,0.3111,92,0
Organic,Central,High Value,Retargeting,362.24,11761,1541,0.1311,62.29,5,2,4,0.1764,26,0
Referral,Central,Dormant,Retargeting,394.81,4551,634,0.1394,43.96,15,2,10,0.2349,2,1
Google Ads,Central,Returning,Retargeting,537.3,14380,3132,0.2178,54.54,15,2,5,0.2281,29,0
Instagram,Central,High Value,Seasonal,454.63,13701,1793,0.1309,64.19,5,0,5,0.2918,35,0
Email,South,New,Conversion,279.52,20586,1658,0.0806,75.01,10,3,5,0.0998,29,0
Organic,South,Dormant,Awareness,98.96,15815,703,0.0444,72.98,30,2,1,0.1416,239,0
Google Ads,South,Returning,Conversion,413.76,10097,1499,0.1484,35.81,5,4,5,0.2255,22,0
Instagram,East,Dormant,Conversion,355.35,15681,3181,0.2028,77.54,20,2,7,0.5191,64,1
Instagram,Central,Returning,Awareness,169.89,5711,1246,0.2182,56.22,15,0,6,0.1989,55,0
Google Ads,West,New,Retargeting,374.9,7669,1272,0.1659,38.26,15,3,5,0.5216,17,0
Email,West,New,Awareness,330.97,13499,621,0.046,84.73,0,1,6,0.237,3,0
Organic,Central,High Value,Seasonal,589.62,2288,539,0.2357,87.27,5,0,6,0.0938,51,0
Organic,West,Returning,Conversion,740.2,11833,783,0.0662,63.27,0,1,2,0.2875,59,0
Referral,South,New,Awareness,508.09,7409,608,0.0821,72.18,15,2,4,0.3202,47,0
Google Ads,East,High Value,Awareness,322.04,12456,1645,0.1321,73.35,30,0,3,0.2968,36,1
Google Ads,East,Dormant,Awareness,345.01,7150,584,0.0816,85.92,25,1,1,0.1969,83,0
Google Ads,North,Returning,Conversion,221.85,13909,1980,0.1424,72.56,0,0,6,0.1875,22,1
Referral,West,Returning,Awareness,242.82,12087,948,0.0784,31.45,5,1,6,0.2552,12,0
Email,West,New,Conversion,313.28,18302,3415,0.1866,98.2,0,2,1,0.056,27,0
Google Ads,West,High Value,Awareness,297.97,12030,1851,0.1538,79.31,30,2,3,0.1412,102,0
Email,East,New,Conversion,164.82,8541,502,0.0587,47.81,5,0,5,0.4442,42,0
Google Ads,West,Dormant,Conversion,592.4,10889,1710,0.1571,37.41,5,1,8,0.2404,9,0
Instagram,Central,Returning,Conversion,629.98,5951,599,0.1006,68.1,15,1,5,0.2906,9,0
Email,East,Returning,Conversion,583.76,13828,3023,0.2186,52.43,15,1,3,0.2104,36,0
Email,East,New,Awareness,639.73,14654,1266,0.0864,64.6,5,3,6,0.0545,24,1
Google Ads,North,New,Awareness,837.81,23111,3026,0.1309,72.87,15,2,3,0.1656,6,0
Email,West,High Value,Awareness,223.93,9202,1062,0.1154,46.67,0,1,4,0.4445,49,0
SMS,Central,Returning,Retargeting,821.14,10795,412,0.0382,35.68,0,1,6,0.0724,85,0
Google Ads,West,Returning,Seasonal,278.7,9409,980,0.1041,65.72,0,0,4,0.6061,13,0
Instagram,Central,Dormant,Seasonal,442.08,12955,1322,0.1021,47.33,10,1,5,0.3997,35,0
Google Ads,Central,Dormant,Conversion,144.06,13718,1215,0.0886,60.92,30,2,5,0.297,2,0
Email,West,Dormant,Conversion,261.6,11760,757,0.0643,31.13,15,2,5,0.3403,13,0
SMS,East,New,Conversion,514.67,16888,2264,0.134,52.96,20,0,3,0.2288,248,0
Google Ads,North,Returning,Retargeting,451.76,9224,586,0.0635,72.3,10,2,6,0.4679,62,1
Organic,North,Dormant,Retargeting,276.11,16438,1828,0.1112,70.12,20,1,6,0.3749,5,0
Email,South,Returning,Retargeting,344.94,14423,1791,0.1242,42.23,30,1,6,0.0595,69,0
Google Ads,East,New,Seasonal,248.25,11946,1096,0.0917,34.63,10,2,6,0.1926,50,0
Google Ads,West,High Value,Conversion,514.03,10583,2037,0.1925,58.32,30,1,8,0.2286,32,1
SMS,East,Returning,Retargeting,610.33,22920,5789,0.2526,69.22,15,0,4,0.2195,29,0
Google Ads,North,Returning,Retargeting,224.43,8323,1122,0.1348,66.1,20,3,7,0.4302,23,1
Google Ads,South,Dormant,Conversion,328.67,13341,868,0.065,47.76,5,0,4,0.1427,4,0
Instagram,Central,Returning,Seasonal,161.31,8624,1459,0.1691,63.96,15,1,5,0.1321,78,0
Instagram,Central,Returning,Awareness,369.71,20035,3298,0.1646,88.05,15,0,6,0.4762,44,0
Google Ads,South,Returning,Seasonal,421.0,15991,2344,0.1466,62.1,30,2,7,0.1329,14,0
Google Ads,Central,Returning,Retargeting,383.7,8947,233,0.026,25.34,25,2,4,0.2139,1,0
Email,West,New,Awareness,405.95,14307,2389,0.167,62.06,10,1,6,0.1163,2,0
Organic,Central,High Value,Retargeting,312.38,13160,1231,0.0935,98.88,30,0,7,0.3286,3,1
Organic,Central,High Value,Awareness,315.9,9675,153,0.0158,32.25,25,2,4,0.2945,24,0
Email,West,New,Retargeting,309.0,15412,126,0.0082,58.59,15,2,1,0.1622,62,1
Google Ads,South,New,Retargeting,257.74,13752,942,0.0685,53.47,0,3,5,0.1974,15,0
Email,West,Dormant,Retargeting,273.38,12971,204,0.0157,59.92,0,2,5,0.2094,56,1
Referral,South,New,Seasonal,412.28,11811,1446,0.1224,61.89,0,0,5,0.2122,1,0
Instagram,South,Returning,Awareness,592.68,13940,297,0.0213,80.8,0,0,9,0.3603,18,0
Referral,West,Returning,Conversion,204.78,13032,1264,0.097,59.7,30,3,7,0.1187,126,1
Referral,East,High Value,Conversion,315.34,12266,732,0.0597,83.55,5,0,5,0.2992,31,1
Organic,East,New,Awareness,183.0,9115,663,0.0727,55.65,20,0,5,0.0311,25,0
Email,South,High Value,Conversion,260.04,19622,1313,0.0669,51.0,15,3,2,0.3453,96,0
Organic,East,Returning,Conversion,281.2,7273,502,0.069,44.62,15,2,3,0.2323,12,0
Instagram,North,Returning,Conversion,357.73,13924,2620,0.1882,21.66,5,0,2,0.0755,3,0
Email,West,New,Conversion,353.13,10559,3208,0.3038,63.52,15,5,0,0.2046,45,1
Google Ads,East,Returning,Seasonal,327.29,19918,4106,0.2061,99.08,15,2,7,0.1936,58,0
Instagram,Central,Returning,Conversion,397.0,7934,294,0.0371,67.16,15,2,7,0.2684,36,0
Organic,East,New,Seasonal,214.79,8691,1342,0.1544,71.73,5,2,4,0.0318,14,0
Organic,East,New,Conversion,359.1,7636,1496,0.1959,49.74,20,2,2,0.4529,39,1
Instagram,North,New,Conversion,457.62,13456,366,0.0272,53.11,0,1,6,0.155,42,1
SMS,North,New,Conversion,213.44,5821,346,0.0594,77.69,15,4,5,0.0818,25,0
Instagram,South,New,Conversion,129.06,9847,1522,0.1546,98.17,10,0,2,0.185,4,0
Google Ads,South,Dormant,Conversion,512.16,2314,119,0.0515,87.76,5,1,9,0.192,93,0
Instagram,South,Returning,Conversion,186.05,13082,2931,0.2241,74.1,20,2,6,0.1442,119,0
SMS,South,High Value,Awareness,253.87,9749,1389,0.1425,58.7,0,3,4,0.1426,108,1
Email,West,Dormant,Conversion,451.7,5304,721,0.1359,62.19,25,1,3,0.0554,39,0
Email,North,New,Conversion,208.0,16885,2709,0.1604,42.93,25,3,6,0.3098,10,0
Google Ads,South,High Value,Conversion,496.28,6115,1099,0.1797,29.04,10,2,3,0.0714,34,1
SMS,North,Dormant,Retargeting,236.07,15586,586,0.0376,35.46,5,2,1,0.1807,12,1
Organic,South,Returning,Conversion,221.86,8845,617,0.0697,59.0,0,2,6,0.4061,50,0
Organic,West,Returning,Seasonal,183.47,19207,2038,0.1061,52.16,25,3,8,0.134,13,1
Organic,North,Returning,Retargeting,237.11,15373,1083,0.0704,28.61,15,1,6,0.2846,66,0
Organic,South,New,Seasonal,424.49,7464,1107,0.1484,57.25,0,2,4,0.1743,14,0
Google Ads,North,Returning,Retargeting,253.89,7873,1178,0.1496,51.63,15,2,3,0.3173,11,0
Instagram,Central,Dormant,Awareness,513.1,14725,625,0.0424,34.54,0,0,6,0.3234,24,0
Organic,West,Dormant,Conversion,333.47,10819,1554,0.1436,50.6,15,2,6,0.3284,36,0
Referral,South,New,Awareness,347.0,11238,528,0.047,51.58,10,1,1,0.4278,102,0
Instagram,North,High Value,Retargeting,218.51,17725,1159,0.0654,45.67,0,3,4,0.1337,13,1
Email,North,New,Conversion,547.1,8631,1057,0.1224,76.53,20,1,4,0.2014,99,0
Organic,East,Dormant,Conversion,459.29,12411,1761,0.1419,19.94,5,2,3,0.3016,51,0
Instagram,West,New,Seasonal,453.49,16296,826,0.0507,18.28,15,2,6,0.0804,43,1
SMS,East,Dormant,Awareness,304.04,15641,2845,0.1819,58.07,15,1,3,0.1972,71,0
Instagram,Central,High Value,Conversion,171.88,11282,1587,0.1407,59.92,30,5,2,0.1394,13,1
Email,South,New,Retargeting,355.53,10700,1461,0.1365,66.08,10,0,4,0.5804,19,0
Organic,South,New,Awareness,416.4,4175,359,0.0861,47.22,25,4,3,0.5854,1,1
Email,East,High Value,Conversion,418.27,7247,896,0.1237,39.64,10,0,2,0.1041,59,1
Email,South,New,Retargeting,393.17,13433,806,0.06,57.85,25,1,6,0.3649,5,0
Google Ads,Central,Returning,Awareness,385.82,11380,968,0.0851,49.17,5,1,7,0.1869,85,0
Organic,North,Dormant,Conversion,235.5,12337,2481,0.2011,89.02,20,1,7,0.4403,38,1
Instagram,East,Returning,Conversion,241.15,16677,2174,0.1304,51.52,0,3,6,0.2792,64,0
Instagram,East,Returning,Retargeting,184.38,6657,885,0.1329,56.94,30,3,5,0.2576,25,0
Organic,North,Returning,Awareness,515.77,10937,3828,0.35,107.51,30,0,2,0.2183,46,0
SMS,East,New,Seasonal,724.86,12849,1010,0.0786,54.1,10,0,6,0.1398,1,1
Google Ads,East,Dormant,Seasonal,1033.04,8831,1226,0.1389,69.12,15,2,3,0.2707,2,1
Email,South,New,Awareness,366.8,18442,576,0.0313,70.93,15,2,3,0.4291,47,0
Email,North,New,Conversion,386.27,16089,2703,0.168,72.63,5,1,4,0.2014,41,1
Instagram,North,New,Conversion,309.74,13306,1483,0.1115,63.79,15,3,3,0.3269,31,0
Email,North,Dormant,Retargeting,364.18,20074,2553,0.1272,61.88,20,5,8,0.4716,101,0
Referral,East,New,Conversion,207.59,5255,100,0.019,60.01,15,2,7,0.5066,7,0
Email,North,Dormant,Awareness,306.82,11965,800,0.0668,46.48,0,0,11,0.2482,51,0
Google Ads,Central,High Value,Awareness,222.76,13649,698,0.0512,64.51,25,3,1,0.1088,27,0
Referral,South,High Value,Seasonal,288.42,7885,2271,0.288,98.57,0,1,9,0.4963,59,1
Google Ads,West,Dormant,Conversion,232.05,13353,1259,0.0943,82.21,15,2,4,0.2888,33,1
Instagram,West,High Value,Seasonal,416.5,7020,445,0.0634,64.08,0,1,3,0.198,55,1
Organic,East,Dormant,Conversion,440.04,15108,1237,0.0819,75.12,0,3,4,0.1792,24,0
Referral,Central,New,Seasonal,380.9,16760,957,0.0571,40.62,0,1,1,0.0576,33,0
Referral,North,High Value,Awareness,241.64,13226,89,0.0067,52.79,10,0,6,0.3478,51,0
Email,South,Returning,Awareness,177.9,3662,633,0.173,76.96,15,0,5,0.1536,12,1
Email,South,Returning,Seasonal,442.25,7649,1052,0.1376,87.74,15,0,4,0.1899,30,0
SMS,North,Dormant,Seasonal,332.65,14541,1536,0.1057,42.58,15,0,2,0.2407,81,1
Instagram,South,Dormant,Conversion,126.16,12095,1116,0.0923,48.33,15,1,3,0.526,35,0
Instagram,South,High Value,Conversion,354.19,800,36,0.0454,101.63,0,3,10,0.3396,3,0
Google Ads,West,Returning,Conversion,387.57,17593,330,0.0187,59.93,0,1,2,0.3488,14,1
Referral,South,Returning,Conversion,148.47,12615,496,0.0393,94.47,15,1,3,0.3451,106,1
SMS,Central,Returning,Awareness,419.75,8314,1477,0.1777,62.14,15,4,5,0.2496,15,0
Instagram,West,Returning,Seasonal,160.4,16477,1928,0.117,62.92,15,5,5,0.1122,37,1
SMS,Central,Returning,Conversion,229.05,8951,758,0.0847,51.89,5,0,6,0.1645,53,1
Email,North,New,Retargeting,160.96,8902,791,0.0888,76.85,20,0,9,0.4163,50,0
Google Ads,Central,New,Awareness,217.48,13613,1128,0.0829,85.16,0,1,3,0.2554,58,0
Google Ads,West,High Value,Awareness,178.69,20015,663,0.0331,37.3,15,3,4,0.1695,44,0
Email,Central,Returning,Retargeting,514.31,19306,504,0.0261,50.95,0,2,3,0.549,27,0
Email,South,Dormant,Conversion,296.43,13619,1839,0.135,76.3,15,1,4,0.348,1,0
Google Ads,Central,Returning,Retargeting,267.41,14081,1030,0.0732,55.41,10,3,5,0.3219,33,0
SMS,East,New,Awareness,536.08,15562,1221,0.0785,48.13,20,2,7,0.2688,25,0
Google Ads,North,New,Seasonal,523.77,6344,434,0.0683,78.19,0,1,8,0.1862,22,0
SMS,East,New,Retargeting,277.52,14899,945,0.0635,80.07,15,1,4,0.2689,46,1
Organic,North,Dormant,Seasonal,377.56,8697,630,0.0724,49.01,0,2,5,0.2203,11,0
Google Ads,Central,New,Awareness,250.57,13433,2407,0.1792,62.25,15,1,3,0.2248,8,1
Organic,South,Returning,Conversion,317.45,10976,371,0.0338,33.83,0,1,5,0.061,27,1
Email,South,Dormant,Conversion,194.87,14255,947,0.0664,40.09,0,0,4,0.3924,16,0
Email,East,Dormant,Conversion,402.38,12531,3805,0.3036,60.48,20,6,4,0.2984,35,0
Organic,East,New,Conversion,545.56,800,121,0.151,58.63,0,0,3,0.2898,33,0
Organic,North,New,Awareness,502.79,12805,1361,0.1063,38.66,5,2,3,0.321,35,0
Instagram,Central,New,Conversion,339.75,14890,1758,0.1181,43.68,20,1,7,0.5338,27,1
Google Ads,Central,New,Conversion,119.63,14007,1458,0.1041,36.7,20,2,4,0.2144,8,1
Google Ads,West,New,Conversion,245.08,11538,2079,0.1802,67.1,25,2,6,0.1223,66,0
Organic,West,Returning,Awareness,317.27,19390,1154,0.0595,18.65,10,3,4,0.4096,2,1
Google Ads,East,Dormant,Conversion,167.07,13401,812,0.0606,37.77,15,2,5,0.2477,85,0
Google Ads,East,Returning,Retargeting,152.55,13970,1070,0.0766,20.74,20,1,5,0.2551,73,1
Instagram,East,Returning,Conversion,612.31,16700,2777,0.1663,66.38,0,1,6,0.0718,66,0
Google Ads,North,New,Conversion,476.63,13632,608,0.0446,21.95,20,3,6,0.3476,58,0
Referral,North,High Value,Conversion,416.35,7959,1386,0.1741,58.63,0,2,3,0.1998,94,1
Organic,South,Returning,Retargeting,452.07,1027,121,0.1176,90.79,25,1,4,0.4036,104,0
Google Ads,East,Dormant,Conversion,181.64,9853,708,0.0719,91.47,15,2,6,0.2264,23,0
Instagram,North,Dormant,Conversion,213.95,15424,2839,0.1841,21.88,10,1,3,0.2936,162,0
Instagram,North,New,Seasonal,367.29,10411,641,0.0616,63.97,10,2,5,0.1119,26,1
Organic,Central,New,Conversion,380.32,15605,3361,0.2154,38.22,5,1,4,0.1536,9,0
Organic,South,New,Seasonal,162.11,12669,1364,0.1077,34.14,10,1,5,0.4431,113,0
Email,East,Returning,Retargeting,355.58,17796,1396,0.0785,55.73,20,2,6,0.2551,10,1
Email,East,Dormant,Awareness,319.95,10672,3423,0.3208,82.57,15,2,5,0.3618,4,0
Google Ads,West,Returning,Conversion,495.62,14104,559,0.0396,69.99,15,1,7,0.0723,122,0
Email,West,High Value,Retargeting,381.16,14276,1028,0.072,43.7,5,2,7,0.2364,2,1
Organic,South,Returning,Seasonal,643.74,18757,2712,0.1446,72.1,20,1,5,0.2462,69,0
Instagram,Central,New,Conversion,278.25,4320,903,0.209,13.13,10,0,4,0.1395,211,1
Email,South,New,Awareness,187.78,9937,2648,0.2665,42.94,5,0,4,0.175,53,1
SMS,Central,High Value,Conversion,636.07,15818,2403,0.1519,41.52,30,4,8,0.1165,57,1
Email,East,High Value,Awareness,390.14,18957,3077,0.1623,59.57,10,1,2,0.2388,41,0
Instagram,North,Returning,Retargeting,320.82,13080,3126,0.239,53.94,15,3,6,0.2395,22,0
Email,West,New,Conversion,217.87,10683,300,0.0281,55.17,30,1,7,0.2123,12,1
Email,North,High Value,Retargeting,279.77,15407,886,0.0575,54.51,10,0,2,0.2656,194,0
Email,West,New,Seasonal,272.88,15909,630,0.0396,58.45,30,2,3,0.1462,91,0
Email,North,Dormant,Retargeting,183.65,10382,1105,0.1064,68.8,20,1,5,0.3268,39,1
Email,South,New,Retargeting,100.21,13486,2275,0.1687,60.99,15,2,5,0.1935,5,0
Email,West,New,Retargeting,269.87,17312,843,0.0487,52.31,5,1,5,0.1629,2,0
Google Ads,Central,Returning,Retargeting,457.22,20507,3076,0.15,66.03,0,0,6,0.2896,15,1
Referral,East,Returning,Seasonal,566.3,15342,1855,0.1209,74.52,10,0,8,0.2581,11,0
Instagram,North,Returning,Awareness,504.25,12199,1176,0.0964,46.88,0,2,4,0.4039,176,1
Instagram,South,Returning,Conversion,517.32,11757,1274,0.1084,56.81,0,2,2,0.2397,61,0
Google Ads,Central,Dormant,Awareness,194.52,14508,1426,0.0983,81.24,15,0,4,0.2059,5,0
Organic,West,Returning,Seasonal,370.43,11479,1024,0.0892,35.94,20,1,2,0.0906,110,0
Organic,North,Returning,Retargeting,417.8,12853,423,0.0329,94.09,0,2,3,0.1847,46,0
Email,South,Returning,Conversion,429.74,7240,352,0.0487,31.22,20,2,3,0.4205,23,1
Instagram,South,New,Awareness,317.54,17837,604,0.0339,51.09,30,0,3,0.2544,12,1
Instagram,North,Returning,Conversion,350.12,6869,440,0.0641,39.0,20,1,3,0.2652,81,0
Instagram,Central,New,Retargeting,748.16,10055,1425,0.1417,101.76,20,1,6,0.3033,48,1
Google Ads,West,Returning,Awareness,497.6,12439,556,0.0447,47.93,20,1,5,0.2342,9,0
Google Ads,North,New,Awareness,411.06,20959,1582,0.0755,47.98,5,0,8,0.2836,82,0
Email,West,Dormant,Seasonal,445.11,10098,1280,0.1267,50.59,10,3,10,0.078,175,1
Instagram,East,Returning,Retargeting,264.03,9003,973,0.108,59.91,30,1,8,0.1508,9,0
Google Ads,North,Dormant,Awareness,434.71,9521,715,0.0751,51.43,15,2,5,0.189,27,0
Email,East,Returning,Conversion,348.02,19465,2910,0.1495,55.34,20,2,6,0.5197,9,0
Organic,North,New,Seasonal,475.35,800,105,0.1313,10.0,30,2,6,0.2055,103,0
Email,South,High Value,Retargeting,235.47,7488,1393,0.186,59.14,5,1,7,0.1783,8,0
SMS,Central,Returning,Retargeting,458.22,24291,1528,0.0629,58.36,10,3,6,0.2348,9,1
Email,West,High Value,Conversion,281.56,14659,752,0.0513,78.77,15,2,6,0.2591,105,0
Organic,North,Returning,Conversion,459.16,7023,870,0.1239,84.18,0,0,5,0.3433,21,1
Organic,Central,Returning,Awareness,371.51,11811,777,0.0657,54.25,15,1,5,0.1834,119,1
SMS,East,Dormant,Retargeting,336.46,12304,178,0.0145,74.32,20,0,3,0.2263,3,1
Organic,Central,Returning,Awareness,288.73,15808,2097,0.1327,35.97,15,0,6,0.0936,61,0
Organic,West,New,Awareness,321.45,20278,4838,0.2386,73.35,5,3,10,0.2628,55,1
Referral,South,High Value,Retargeting,270.17,13748,895,0.0651,46.55,20,1,4,0.2614,12,1
Organic,East,High Value,Seasonal,285.94,9571,922,0.0963,34.31,0,2,2,0.1513,3,0
Email,East,Dormant,Retargeting,406.16,15542,1105,0.0711,54.29,25,1,7,0.2128,1,1
Google Ads,West,Returning,Conversion,137.15,8858,1920,0.2167,86.01,0,1,6,0.4484,81,0
Google Ads,South,Returning,Conversion,456.37,7350,154,0.0209,61.62,25,4,5,0.133,115,0
Organic,South,High Value,Conversion,459.79,4080,815,0.1999,87.93,10,2,6,0.3327,37,1
Google Ads,South,Returning,Conversion,292.77,4957,847,0.1709,43.03,10,0,4,0.282,19,1
Instagram,South,High Value,Conversion,354.26,7966,833,0.1046,78.96,10,1,8,0.5085,3,1
Google Ads,North,Returning,Conversion,206.69,6700,539,0.0805,44.96,5,4,4,0.2615,30,0
Instagram,North,New,Conversion,394.44,13410,2511,0.1872,62.51,10,1,5,0.0894,134,0
Email,Central,High Value,Seasonal,219.35,6603,1119,0.1695,62.33,25,0,8,0.4201,89,1
Google Ads,North,New,Seasonal,64.66,800,84,0.1054,71.23,20,0,6,0.3098,36,0
Google Ads,Central,New,Awareness,556.61,7302,224,0.0307,63.01,0,1,5,0.38,5,0
Instagram,North,Returning,Conversion,195.47,9877,2605,0.2637,43.22,15,1,3,0.1969,42,1
Instagram,West,High Value,Awareness,318.28,9275,843,0.0909,75.61,25,0,4,0.154,5,1
Instagram,South,Dormant,Conversion,360.35,18838,2112,0.1121,92.63,20,1,9,0.5545,97,0
Instagram,East,New,Conversion,405.75,9239,220,0.0238,46.32,10,4,8,0.2384,80,1
Instagram,South,New,Awareness,331.23,15964,378,0.0237,21.3,0,4,7,0.7034,79,0
Referral,East,Dormant,Retargeting,374.68,11915,350,0.0294,67.99,25,1,3,0.1989,1,1
Instagram,East,New,Conversion,289.58,11810,1264,0.1071,51.38,10,3,11,0.3287,10,0
SMS,East,New,Seasonal,150.34,8241,1474,0.1789,55.38,10,1,8,0.278,80,0
Organic,South,New,Awareness,325.42,11735,291,0.0248,69.12,20,3,3,0.245,34,0
Google Ads,East,Returning,Awareness,430.62,8557,796,0.093,48.87,5,1,8,0.1493,44,1
Instagram,Central,Dormant,Conversion,201.39,12765,2521,0.1975,52.62,20,2,7,0.1401,18,0
Google Ads,East,High Value,Awareness,362.02,10937,190,0.0174,56.0,0,0,1,0.3557,66,0
Organic,South,High Value,Conversion,700.99,7749,1934,0.2496,87.4,20,2,4,0.4572,37,1
Referral,North,New,Seasonal,315.68,16464,82,0.005,58.6,30,4,6,0.2531,49,1
Organic,South,Returning,Awareness,323.14,13921,1819,0.1306,33.29,30,5,8,0.2947,24,0
Google Ads,North,Returning,Awareness,143.93,9984,498,0.0499,34.08,25,2,8,0.4175,14,1
Google Ads,North,New,Conversion,189.72,12655,1245,0.0984,60.78,25,5,8,0.1484,1,1
Instagram,Central,New,Conversion,220.51,11623,1560,0.1342,35.41,5,1,8,0.5726,3,0
Referral,North,New,Conversion,423.14,8096,1522,0.188,26.75,30,0,9,0.493,8,1
Instagram,East,New,Conversion,208.16,12317,2990,0.2428,70.71,25,3,5,0.4612,2,1
Referral,Central,Returning,Retargeting,118.54,9205,1502,0.1632,71.69,15,3,3,0.0916,69,1
Organic,Central,High Value,Awareness,390.79,7748,710,0.0916,50.64,10,3,4,0.2411,58,0
Email,North,New,Conversion,230.27,4698,262,0.0558,63.87,0,1,10,0.2199,15,0
Google Ads,North,Returning,Retargeting,146.89,10386,806,0.0776,61.76,15,1,5,0.0517,39,1
Email,South,High Value,Seasonal,446.16,14551,1264,0.0868,70.05,20,2,4,0.0721,35,1
Referral,East,High Value,Conversion,274.3,8874,1252,0.1411,70.09,10,1,3,0.1259,98,0
Email,Central,High Value,Conversion,407.11,23343,467,0.02,10.0,10,0,4,0.2025,5,1
SMS,South,Returning,Awareness,144.25,15986,1082,0.0677,53.19,15,1,5,0.1963,139,0
Email,North,High Value,Awareness,94.46,17869,1166,0.0652,68.36,0,0,9,0.4798,1,1
SMS,South,New,Awareness,346.63,15579,1685,0.1082,49.79,30,2,3,0.0344,59,0
Organic,Central,Returning,Retargeting,186.36,20338,4308,0.2118,58.72,5,2,3,0.4322,5,1
Google Ads,North,New,Conversion,344.39,8458,880,0.1041,73.01,0,0,6,0.0978,67,0
Organic,South,Returning,Retargeting,347.76,800,79,0.0981,59.62,0,2,11,0.1671,10,0
Organic,North,Returning,Awareness,327.88,9992,3262,0.3265,88.16,25,4,7,0.3676,17,0
SMS,North,New,Seasonal,515.49,14512,1071,0.0738,80.54,25,3,6,0.1449,107,1
Instagram,Central,High Value,Retargeting,963.84,12682,684,0.054,55.63,0,2,10,0.1165,60,1
Google Ads,North,New,Awareness,387.7,13240,271,0.0205,54.04,0,4,8,0.1458,45,0
Email,South,New,Awareness,700.68,17944,1787,0.0996,10.0,10,3,5,0.2022,53,0
Google Ads,Central,New,Awareness,139.1,13719,2304,0.168,51.47,5,0,6,0.3232,29,1
Email,West,Returning,Seasonal,277.78,15595,1979,0.1269,30.93,20,4,8,0.4016,11,0
Google Ads,North,New,Awareness,168.89,7772,476,0.0612,62.42,0,0,9,0.1337,124,0
Google Ads,East,Returning,Conversion,237.74,7071,260,0.0368,61.06,15,1,4,0.4006,104,0
Google Ads,Central,New,Conversion,285.56,19264,2240,0.1163,71.92,10,3,3,0.2847,82,1
Google Ads,East,High Value,Retargeting,727.45,12454,1952,0.1568,85.93,10,2,4,0.0749,28,1
Organic,East,Dormant,Conversion,336.44,9195,1669,0.1815,57.47,10,3,6,0.2371,51,1
Organic,East,Returning,Conversion,524.08,9204,934,0.1014,103.61,0,3,6,0.3797,6,0
Google Ads,West,Returning,Seasonal,267.01,9079,465,0.0513,62.65,5,1,5,0.3214,19,1
Google Ads,North,Dormant,Awareness,251.84,8810,611,0.0693,31.8,0,3,1,0.409,14,0
SMS,Central,Dormant,Retargeting,141.15,6226,614,0.0985,46.76,0,1,6,0.2743,44,0
Email,Central,Returning,Awareness,716.83,5248,1034,0.1971,50.55,30,0,4,0.4839,3,1
Email,North,Dormant,Conversion,601.32,11122,458,0.0412,69.84,5,2,2,0.1708,22,0
Email,Central,Dormant,Seasonal,363.72,9332,566,0.0607,39.06,5,1,6,0.2953,16,0
Referral,Central,High Value,Retargeting,293.42,16982,645,0.038,52.04,0,0,13,0.3458,11,1
Google Ads,West,Returning,Retargeting,342.31,13319,1457,0.1094,54.78,20,1,6,0.4948,47,1
Organic,South,New,Conversion,165.43,13194,2353,0.1784,49.04,25,0,3,0.1684,16,1
Referral,East,New,Conversion,406.76,8656,894,0.1033,74.23,20,1,7,0.1177,80,0
Instagram,Central,Returning,Conversion,579.04,11455,738,0.0645,70.83,15,0,6,0.3137,7,0
Organic,North,Returning,Conversion,592.12,13625,486,0.0357,81.33,20,1,6,0.1011,2,1
Organic,Central,Returning,Conversion,144.28,15223,1851,0.1216,51.38,10,2,4,0.0557,15,0
Instagram,Central,Returning,Conversion,521.91,11577,877,0.0758,82.05,25,1,9,0.1773,5,1
Instagram,West,Returning,Conversion,166.0,16856,1093,0.0649,30.72,20,1,4,0.3571,9,0
Instagram,South,High Value,Conversion,98.33,12036,965,0.0802,30.23,0,3,2,0.0933,117,0
Email,East,New,Conversion,530.73,15568,1007,0.0647,33.72,10,0,2,0.2012,7,1
Email,North,New,Awareness,256.88,9796,494,0.0505,58.18,5,1,6,0.1846,4,1
SMS,Central,High Value,Seasonal,497.35,3843,232,0.0603,82.05,0,3,2,0.6855,22,1
Google Ads,South,High Value,Retargeting,477.52,13208,898,0.068,45.96,25,1,3,0.0768,10,0
Instagram,North,Dormant,Awareness,450.5,15264,993,0.065,48.47,0,4,5,0.5983,112,0
Referral,West,Dormant,Retargeting,340.39,14589,2197,0.1506,53.68,20,1,4,0.2106,106,0
Google Ads,West,Dormant,Retargeting,175.49,13900,1032,0.0742,69.46,30,2,11,0.1712,106,0
SMS,West,New,Awareness,285.85,10431,392,0.0376,48.45,10,1,5,0.2582,77,0
Organic,North,Returning,Awareness,596.57,8370,385,0.046,47.33,10,1,4,0.5445,17,0
Google Ads,West,New,Awareness,503.12,14483,828,0.0572,31.09,15,2,4,0.2378,19,0
Instagram,West,Returning,Awareness,292.9,13919,4872,0.35,46.57,20,3,7,0.4185,45,1
SMS,West,Dormant,Retargeting,291.21,9476,583,0.0615,81.55,5,2,3,0.0705,8,0
Referral,Central,New,Seasonal,432.56,16992,1563,0.092,59.82,5,1,9,0.0601,17,1
SMS,South,Returning,Awareness,351.71,8027,192,0.0239,43.2,15,1,2,0.4046,10,0
Email,South,New,Retargeting,300.02,9374,726,0.0775,82.72,25,2,8,0.1741,39,0
Organic,Central,New,Awareness,416.36,19364,3528,0.1822,46.3,5,0,3,0.2402,58,1
Google Ads,East,New,Conversion,410.14,15909,1060,0.0666,86.4,10,1,6,0.5819,16,0
Email,East,New,Retargeting,240.9,10389,2303,0.2217,86.07,30,3,5,0.2058,2,1
Google Ads,South,Dormant,Conversion,383.64,13293,521,0.0392,59.12,0,0,4,0.3889,20,0
Referral,West,Returning,Awareness,398.94,12697,1067,0.084,28.03,0,2,8,0.1749,21,1
Email,West,High Value,Conversion,328.57,800,58,0.0723,103.79,15,0,4,0.269,242,0
Google Ads,North,High Value,Seasonal,228.56,7921,382,0.0482,65.75,0,0,6,0.0717,22,0
Organic,East,New,Conversion,281.69,11771,1425,0.1211,51.52,5,1,4,0.4414,8,0
Instagram,Central,New,Awareness,206.31,10395,1388,0.1336,77.12,15,1,1,0.4329,13,1
Google Ads,South,High Value,Awareness,388.37,13112,1439,0.1098,72.05,15,6,4,0.445,54,1
Google Ads,South,New,Conversion,144.72,17083,4075,0.2385,84.22,15,1,7,0.0764,44,0
Instagram,Central,Dormant,Conversion,624.18,10553,1070,0.1014,44.75,10,1,7,0.3706,73,1
Organic,North,New,Retargeting,566.85,7241,1490,0.2058,64.37,15,0,6,0.4051,21,0
Organic,South,High Value,Retargeting,403.24,13462,898,0.0667,34.28,15,1,6,0.1252,76,0
Email,East,High Value,Seasonal,489.93,10530,2794,0.2654,71.33,20,0,8,0.3279,28,1
SMS,West,New,Retargeting,475.33,11298,412,0.0364,57.54,20,0,3,0.3274,90,0
Organic,North,New,Awareness,354.18,10687,1500,0.1404,63.62,15,1,7,0.0263,114,0
Instagram,East,Dormant,Conversion,303.92,22088,1804,0.0817,55.07,25,0,3,0.1681,199,1
Organic,North,New,Conversion,288.02,1917,102,0.053,52.98,20,0,10,0.2372,12,0
Email,West,Returning,Conversion,634.55,10252,493,0.048,40.64,0,1,3,0.1215,4,1
SMS,West,Returning,Seasonal,224.59,11983,2031,0.1695,73.81,30,0,1,0.0602,7,0
Referral,East,New,Retargeting,226.74,8485,429,0.0505,87.79,25,2,5,0.2778,233,1
Referral,South,High Value,Seasonal,509.26,16049,3458,0.2155,46.87,10,1,8,0.0779,18,1
Email,North,High Value,Conversion,487.82,15660,1978,0.1263,69.07,0,1,6,0.1849,5,1
Organic,Central,Returning,Conversion,295.71,11785,843,0.0716,66.64,15,3,4,0.5808,18,1
Email,West,High Value,Conversion,422.67,10782,2467,0.2288,58.16,10,3,4,0.061,25,1
Instagram,South,New,Awareness,447.66,11496,1281,0.1114,27.47,20,4,10,0.3306,284,0
Email,East,New,Awareness,171.16,11528,269,0.0233,31.97,15,3,3,0.1741,29,0
Organic,West,Returning,Conversion,583.22,11647,1372,0.1178,42.38,0,0,12,0.1555,26,0
Instagram,West,Dormant,Awareness,447.59,11154,1199,0.1075,15.22,5,0,4,0.3056,40,0
Organic,East,New,Seasonal,406.61,13136,917,0.0698,86.16,25,2,5,0.1625,10,0
Referral,South,New,Awareness,449.15,15389,1768,0.1149,65.35,0,2,8,0.2564,18,1
Email,West,Returning,Awareness,384.73,6464,910,0.1409,57.4,20,0,3,0.4526,127,0
Email,West,High Value,Retargeting,319.91,7272,681,0.0937,14.2,5,1,9,0.5476,52,0
Email,East,New,Awareness,115.51,4132,259,0.0628,21.52,10,0,7,0.3201,20,0
Google Ads,North,Returning,Seasonal,355.62,15899,865,0.0544,57.95,15,3,2,0.3068,63,1
Organic,East,High Value,Retargeting,163.28,13126,2314,0.1763,97.41,5,0,7,0.2113,5,1
Instagram,West,Returning,Awareness,746.25,14274,1085,0.076,44.03,15,0,2,0.1761,76,1
Organic,Central,New,Retargeting,317.43,5567,836,0.1502,75.28,20,0,4,0.1545,43,0
Email,East,New,Retargeting,740.44,20032,1800,0.0898,48.4,0,0,6,0.1183,118,0
Organic,South,Returning,Retargeting,358.37,9260,1921,0.2075,59.1,10,1,12,0.2131,2,1
SMS,East,Returning,Retargeting,250.74,12757,1036,0.0812,82.29,20,1,6,0.1011,27,1
Organic,North,Dormant,Retargeting,575.7,15845,3166,0.1998,51.08,20,0,4,0.2399,28,1
Referral,North,Returning,Conversion,399.23,7559,782,0.1035,44.2,15,0,1,0.2528,190,0
Organic,West,High Value,Conversion,867.19,9542,258,0.027,86.36,20,3,5,0.1285,114,0
Email,Central,Dormant,Retargeting,247.69,12806,883,0.069,58.91,0,2,3,0.1806,55,1
Instagram,Central,Returning,Seasonal,586.52,24859,2216,0.0891,79.82,0,0,3,0.1532,28,0
Email,East,Returning,Conversion,600.5,13355,1519,0.1137,44.3,15,0,6,0.2886,26,0
Google Ads,North,Dormant,Retargeting,464.35,19229,3601,0.1872,86.13,20,0,5,0.3695,46,0
Organic,Central,New,Conversion,602.75,17426,2880,0.1653,63.47,20,2,8,0.1768,15,1
Google Ads,East,High Value,Retargeting,320.82,13656,1484,0.1086,66.7,5,2,9,0.2215,34,1
Organic,South,High Value,Seasonal,224.05,7549,533,0.0707,60.63,15,0,6,0.2913,58,0
Email,Central,New,Awareness,261.48,16769,572,0.0341,47.89,15,1,5,0.076,37,1
Referral,West,Returning,Awareness,347.16,5259,316,0.06,57.97,5,1,3,0.3321,37,1
Instagram,West,New,Conversion,475.08,19204,1046,0.0545,49.15,15,3,6,0.1116,21,0
Instagram,South,New,Conversion,231.67,12900,703,0.0545,77.19,15,1,3,0.0712,15,0
Referral,Central,Returning,Conversion,288.14,800,54,0.0671,53.94,5,3,6,0.2225,15,0
SMS,East,New,Awareness,240.66,10468,441,0.0421,28.07,10,2,10,0.4305,57,0
Google Ads,East,High Value,Conversion,512.98,14943,1818,0.1216,24.41,5,1,4,0.2194,45,1
Email,West,Dormant,Conversion,737.78,10933,261,0.0239,23.47,25,3,4,0.1879,12,0
Google Ads,West,High Value,Conversion,205.69,15218,857,0.0563,70.36,5,0,1,0.4326,49,1
Email,North,New,Retargeting,431.64,8175,686,0.0839,34.97,0,1,3,0.1635,39,0
Organic,South,New,Retargeting,541.81,6123,227,0.037,64.0,0,1,5,0.1565,1,0
Referral,South,New,Retargeting,307.8,11678,332,0.0285,60.73,0,1,4,0.1112,17,1
Email,Central,New,Retargeting,167.78,12142,2885,0.2376,56.71,5,0,6,0.3215,26,1
Email,West,Dormant,Retargeting,573.29,10432,1052,0.1009,66.77,15,1,7,0.4459,20,0
Instagram,South,Returning,Conversion,162.47,17523,1082,0.0617,61.17,0,0,3,0.5756,143,0
SMS,West,New,Retargeting,648.61,8174,1631,0.1995,10.0,5,1,1,0.2463,19,0
Google Ads,West,High Value,Awareness,238.22,13409,2611,0.1947,51.53,0,1,3,0.1225,40,1
Organic,South,Returning,Conversion,150.33,12306,1101,0.0895,66.5,10,2,7,0.2725,55,1
Google Ads,East,New,Conversion,270.76,4995,495,0.0991,90.81,0,0,4,0.1525,95,0
Google Ads,Central,New,Seasonal,334.54,6064,367,0.0606,91.73,15,0,2,0.469,28,0
Email,East,Returning,Retargeting,367.04,12054,1618,0.1342,30.74,15,2,1,0.1977,2,0
SMS,North,High Value,Awareness,447.92,20915,2951,0.1411,51.01,20,0,9,0.2229,28,1
Instagram,West,New,Conversion,382.16,14607,1333,0.0913,26.68,5,1,2,0.3702,81,0
Google Ads,East,Dormant,Awareness,710.35,4235,1022,0.2413,88.4,25,1,3,0.2329,3,0
Referral,East,Dormant,Retargeting,327.32,800,42,0.0524,78.26,20,0,8,0.4523,64,1
Referral,West,High Value,Retargeting,391.38,15299,1011,0.0661,65.01,0,1,3,0.2319,31,1
SMS,Central,New,Conversion,376.61,11567,786,0.0679,61.32,10,0,4,0.4492,39,1
Email,South,New,Conversion,141.09,17136,1298,0.0757,85.61,20,1,4,0.3011,4,0
Google Ads,East,Dormant,Conversion,186.9,8037,261,0.0325,82.23,10,0,6,0.3409,15,0
Google Ads,North,New,Conversion,347.8,13576,1073,0.0791,81.16,10,2,6,0.5947,10,1
Google Ads,West,Returning,Seasonal,412.96,15808,1672,0.1058,67.13,15,1,3,0.0818,11,0
Email,East,High Value,Retargeting,112.91,9986,695,0.0696,51.02,0,3,5,0.1382,87,1
Email,South,New,Conversion,725.2,10083,2470,0.245,73.34,30,2,3,0.2071,20,1
Instagram,West,High Value,Conversion,428.02,12114,1429,0.118,74.32,0,2,3,0.3088,69,0
Instagram,East,Dormant,Awareness,338.86,14442,273,0.0189,54.19,0,4,6,0.3101,136,0
Google Ads,East,High Value,Awareness,419.15,11935,1164,0.0975,50.98,0,5,8,0.0603,17,0
Google Ads,East,Returning,Awareness,263.46,16383,4034,0.2462,80.67,10,1,4,0.1444,30,1
Google Ads,South,Dormant,Conversion,368.85,9921,428,0.0432,91.28,25,0,3,0.2866,119,0
Google Ads,North,Returning,Seasonal,395.67,6022,153,0.0254,43.01,20,1,9,0.6323,92,0
Google Ads,Central,High Value,Conversion,576.33,20896,5298,0.2536,52.73,25,1,5,0.1859,25,1
Instagram,North,High Value,Awareness,313.89,9279,1119,0.1206,65.02,15,0,10,0.1624,34,0
Google Ads,South,High Value,Awareness,164.74,9442,1573,0.1666,67.73,10,0,5,0.5465,92,0
Instagram,West,New,Conversion,221.2,11704,244,0.0208,47.55,10,1,4,0.3907,53,0
Email,North,New,Retargeting,302.25,12302,1391,0.1131,95.67,0,1,6,0.1869,4,0
Google Ads,West,New,Conversion,174.06,10260,749,0.073,66.44,25,1,6,0.1587,178,0
Google Ads,West,Returning,Retargeting,209.55,11922,1209,0.1014,68.63,10,2,5,0.4206,23,0
Instagram,West,Returning,Retargeting,222.2,11821,1963,0.166,93.18,10,1,9,0.3036,11,1
Google Ads,South,Returning,Awareness,292.81,12787,899,0.0703,49.02,15,0,2,0.0972,80,1
Google Ads,North,Returning,Retargeting,425.51,1391,202,0.1454,56.23,20,4,4,0.396,49,1
Referral,Central,High Value,Seasonal,286.37,20464,2122,0.1037,32.93,5,1,5,0.6084,53,1
Referral,South,Dormant,Conversion,438.49,11337,1543,0.1361,54.55,20,0,12,0.0198,48,1
Referral,Central,New,Awareness,339.01,14613,721,0.0493,28.22,20,0,7,0.1392,6,1
Instagram,North,High Value,Seasonal,213.04,5799,496,0.0855,72.96,25,1,2,0.422,11,1
Organic,North,High Value,Seasonal,398.67,9880,248,0.0251,66.4,0,0,8,0.254,103,0
Google Ads,West,Returning,Conversion,371.0,8975,726,0.0809,52.46,0,1,6,0.1619,156,0
Google Ads,Central,New,Conversion,443.7,18614,2050,0.1101,55.99,10,1,5,0.4226,5,1
Google Ads,Central,High Value,Awareness,484.74,9364,1034,0.1104,73.23,25,3,9,0.1888,54,1
Instagram,West,Dormant,Retargeting,584.49,15411,824,0.0534,35.28,30,2,3,0.2457,39,1
Google Ads,South,High Value,Conversion,431.93,9073,896,0.0988,62.08,15,1,6,0.3702,4,0
Referral,Central,Dormant,Awareness,365.46,9963,1546,0.1552,71.99,5,0,2,0.1437,54,0
Organic,West,Dormant,Retargeting,444.61,10895,683,0.0627,22.35,5,1,5,0.224,38,0
SMS,North,Returning,Seasonal,273.21,17777,753,0.0423,71.7,15,2,5,0.1253,20,0
Google Ads,North,Returning,Retargeting,263.73,3496,203,0.0581,24.52,5,0,5,0.1219,71,0
Google Ads,Central,Returning,Conversion,620.29,6080,794,0.1306,55.65,15,3,3,0.2636,127,0
Organic,South,Dormant,Awareness,260.09,3237,200,0.0618,34.73,20,2,4,0.3394,95,0
Instagram,West,New,Seasonal,224.97,7106,784,0.1104,86.62,10,3,6,0.5183,186,1
Organic,North,Returning,Seasonal,431.82,8348,729,0.0874,34.86,10,1,7,0.2408,13,0
Google Ads,South,Dormant,Conversion,274.3,4735,698,0.1474,25.0,0,1,2,0.1388,47,1
Email,South,New,Retargeting,482.54,8696,892,0.1026,60.67,5,0,4,0.33,30,1
Email,South,High Value,Conversion,565.18,2934,428,0.1458,49.73,20,2,5,0.0702,34,1
Organic,West,Returning,Conversion,240.14,7419,1797,0.2422,27.91,10,1,4,0.6046,3,1
Email,Central,Dormant,Awareness,455.18,17402,873,0.0502,68.52,0,0,8,0.2355,24,0
Instagram,Central,Dormant,Awareness,257.16,13816,1209,0.0875,18.17,0,1,3,0.0652,30,0
Instagram,West,New,Awareness,305.25,12844,1440,0.1121,37.28,0,1,6,0.1852,28,1
Email,South,High Value,Retargeting,390.46,7487,892,0.1192,46.5,15,0,3,0.2026,24,0
Instagram,Central,New,Awareness,264.01,5088,411,0.0807,74.04,15,1,9,0.3157,21,0
Organic,East,Returning,Awareness,374.67,6874,235,0.0342,83.91,15,1,6,0.3807,18,0
Email,East,High Value,Conversion,316.93,11806,831,0.0704,80.06,10,2,6,0.4113,17,1
Organic,West,High Value,Awareness,487.4,15907,2320,0.1458,54.93,0,4,6,0.2504,106,0
Organic,West,New,Awareness,487.96,16061,700,0.0436,10.0,10,3,5,0.1844,74,0
Instagram,Central,New,Conversion,264.62,14838,1869,0.1259,65.82,0,0,8,0.134,37,0
Email,East,High Value,Conversion,394.44,8681,871,0.1003,87.41,25,2,5,0.3336,26,0
Google Ads,West,Returning,Retargeting,520.87,12110,867,0.0716,82.68,0,1,3,0.2569,49,0
Email,West,Returning,Seasonal,207.88,10554,1004,0.0952,67.26,10,0,4,0.2816,66,0
Instagram,South,New,Awareness,316.02,11095,1019,0.0919,34.21,0,0,2,0.1674,4,0
SMS,South,New,Seasonal,386.74,21167,2793,0.132,47.49,20,0,2,0.5805,14,1
SMS,West,Dormant,Seasonal,203.56,4071,183,0.045,96.68,0,5,3,0.3801,79,0
Organic,North,New,Retargeting,279.35,10944,1144,0.1045,29.67,25,3,8,0.2084,41,1
Instagram,South,Returning,Retargeting,676.83,17453,1432,0.0821,35.04,0,1,5,0.4665,20,0
Referral,West,Dormant,Retargeting,259.73,5403,631,0.1167,76.85,20,0,7,0.2746,94,0
Referral,Central,New,Retargeting,273.21,9103,675,0.0742,49.38,15,2,2,0.3699,17,1
Instagram,East,High Value,Retargeting,150.34,9619,918,0.0955,34.36,5,0,4,0.1289,1,0
Referral,South,New,Awareness,429.69,10995,783,0.0712,88.56,5,1,6,0.2667,13,0
Email,East,Dormant,Seasonal,191.65,4818,965,0.2002,67.22,10,0,6,0.7995,100,1
Instagram,West,High Value,Conversion,319.18,14679,1605,0.1094,50.36,20,3,4,0.1621,17,0
Google Ads,East,Dormant,Retargeting,226.02,14998,1671,0.1114,35.08,25,1,3,0.1151,33,1
Email,North,New,Conversion,374.35,14288,2054,0.1437,98.95,0,2,5,0.3035,18,0
Email,East,Returning,Awareness,68.79,8083,508,0.0629,57.51,10,1,2,0.2458,53,0
Organic,East,High Value,Conversion,351.32,12389,853,0.0689,85.95,5,0,7,0.1346,42,1
SMS,West,New,Conversion,391.54,7953,780,0.098,75.87,0,1,6,0.2184,7,0
Google Ads,Central,New,Conversion,282.7,10503,2157,0.2054,47.58,15,1,5,0.1347,5,1
Organic,Central,New,Conversion,290.93,21691,2497,0.1151,47.74,10,4,10,0.1724,40,1
SMS,West,Dormant,Awareness,266.67,12431,988,0.0795,86.93,5,0,3,0.113,3,0
Email,South,High Value,Conversion,317.26,6656,422,0.0634,87.25,25,1,5,0.3871,103,1
Google Ads,East,Returning,Conversion,623.99,12812,868,0.0678,20.46,20,0,6,0.2357,45,0
Instagram,North,High Value,Seasonal,494.16,5917,332,0.056,69.0,20,0,4,0.0862,240,0
Email,Central,Returning,Awareness,317.12,6604,710,0.1074,55.58,0,1,7,0.4712,98,0
Organic,Central,Returning,Conversion,279.39,7315,662,0.0905,37.33,25,1,4,0.2335,51,0
Google Ads,Central,Returning,Conversion,473.62,10001,322,0.0322,63.23,15,1,5,0.1122,41,0
Google Ads,South,Returning,Conversion,363.55,16216,3575,0.2205,31.01,10,3,6,0.4049,139,0
Email,South,New,Conversion,201.12,14603,1667,0.1142,48.67,0,2,3,0.6345,36,1
Instagram,Central,Dormant,Retargeting,300.51,14353,2906,0.2025,42.03,25,1,3,0.2628,74,1
Organic,East,High Value,Seasonal,594.38,7055,385,0.0546,48.0,15,0,4,0.3777,26,0
Email,West,New,Conversion,422.13,9564,1348,0.1409,56.57,20,0,8,0.3275,44,0
Instagram,East,Returning,Retargeting,280.81,13224,244,0.0184,37.69,15,0,8,0.2799,65,0
Instagram,East,New,Awareness,159.01,9173,1302,0.1419,89.46,20,0,6,0.307,63,1
Google Ads,West,Dormant,Conversion,373.51,10747,1339,0.1246,67.87,20,4,6,0.1445,61,1
Google Ads,Central,Dormant,Conversion,339.84,13986,898,0.0642,93.89,25,0,4,0.6527,24,1
Google Ads,South,Dormant,Awareness,312.66,10431,575,0.0551,54.8,5,1,2,0.0999,40,0
Email,Central,New,Retargeting,475.97,13017,1188,0.0913,47.02,5,3,5,0.1575,39,1
Instagram,South,New,Retargeting,424.45,19167,2391,0.1248,93.17,20,1,4,0.3155,13,1
Organic,East,New,Retargeting,161.73,11227,649,0.0578,46.44,10,0,3,0.2382,145,0
Google Ads,Central,New,Conversion,340.7,17307,306,0.0177,54.43,15,0,3,0.5479,5,0
Referral,Central,New,Retargeting,181.89,14517,842,0.058,72.4,20,0,5,0.1467,35,0
Referral,Central,New,Conversion,268.75,5397,442,0.0819,33.25,15,2,5,0.164,78,1
Organic,South,Dormant,Awareness,175.26,7040,648,0.0921,72.23,20,2,8,0.1212,3,0
Email,Central,New,Awareness,178.37,8249,997,0.1209,69.67,10,2,4,0.448,8,0
Instagram,Central,New,Retargeting,393.93,8153,1312,0.1609,83.39,25,2,4,0.1297,79,0
Google Ads,Central,High Value,Seasonal,376.66,11594,2979,0.257,75.8,0,1,4,0.4367,31,0
Instagram,North,Returning,Awareness,329.33,14766,1330,0.0901,84.0,15,2,8,0.3481,38,1
Organic,West,High Value,Conversion,258.01,17648,2396,0.1358,55.79,25,2,4,0.2063,52,1
Google Ads,Central,Returning,Retargeting,168.95,13387,509,0.038,40.75,5,1,7,0.1894,4,1
Organic,West,Dormant,Retargeting,269.33,9994,349,0.035,100.2,10,2,9,0.2535,74,0
Organic,South,Returning,Conversion,377.41,2630,393,0.1495,27.47,5,1,4,0.3341,12,0
Google Ads,West,Returning,Retargeting,373.57,12318,747,0.0607,29.47,15,0,8,0.4106,56,0
Organic,North,High Value,Retargeting,588.88,12116,2092,0.1727,69.3,10,1,7,0.3863,64,0
Google Ads,East,Returning,Seasonal,551.44,12823,133,0.0103,90.5,0,2,3,0.1577,108,0
Organic,West,New,Awareness,335.23,21478,4285,0.1995,61.79,25,3,4,0.4968,6,1
Instagram,East,Returning,Seasonal,268.03,17583,543,0.0309,77.99,5,0,4,0.2031,7,0
Google Ads,West,New,Awareness,228.74,15533,2946,0.1897,18.08,15,0,3,0.3914,70,0
Google Ads,South,High Value,Retargeting,156.15,7671,441,0.0575,48.01,15,1,3,0.2106,37,0
Email,West,New,Awareness,191.55,9692,1295,0.1336,20.52,0,0,3,0.3519,6,0
Instagram,West,New,Awareness,679.21,11573,1104,0.0954,73.61,0,1,4,0.5046,19,0
Organic,West,New,Awareness,377.66,8511,650,0.0764,27.06,30,3,4,0.3258,131,0
Google Ads,South,High Value,Conversion,437.44,14252,994,0.0697,32.44,15,2,5,0.546,34,1
Email,South,New,Conversion,292.96,13606,1688,0.1241,68.28,0,2,4,0.0908,106,1
Instagram,South,High Value,Awareness,853.8,7103,1632,0.2298,79.24,20,1,7,0.4248,60,0
Instagram,East,Dormant,Conversion,192.45,17386,2816,0.162,54.82,10,0,7,0.5101,77,1
Email,East,New,Conversion,148.59,12460,816,0.0655,69.4,0,2,2,0.1476,14,0
SMS,South,High Value,Retargeting,846.97,4219,472,0.112,68.76,15,2,5,0.0822,35,0
Google Ads,East,New,Seasonal,164.92,11769,505,0.0429,53.69,10,4,4,0.1989,36,0
Instagram,South,New,Retargeting,291.13,13265,716,0.054,36.11,5,1,9,0.277,64,1
Google Ads,South,High Value,Awareness,237.75,16378,1203,0.0734,69.3,25,0,6,0.3788,34,1
Email,West,Dormant,Conversion,390.14,10481,701,0.0669,70.26,5,1,5,0.0791,55,0
Instagram,Central,New,Seasonal,281.16,15726,1117,0.071,75.88,5,2,4,0.1117,98,0
Referral,South,Returning,Awareness,438.05,12842,1399,0.1089,64.24,5,3,5,0.5788,20,0
Google Ads,Central,New,Conversion,480.26,6082,728,0.1197,34.63,20,1,3,0.3732,20,0
SMS,East,Returning,Seasonal,155.39,5632,618,0.1097,71.81,20,1,5,0.2758,17,0
Google Ads,North,Returning,Seasonal,225.22,17052,3330,0.1953,57.97,25,2,6,0.199,16,1
Google Ads,South,Returning,Conversion,454.7,17382,4548,0.2617,48.35,5,2,3,0.1633,20,0
Organic,North,Returning,Retargeting,522.67,13453,2683,0.1994,52.11,20,3,6,0.2475,8,1
Organic,North,New,Conversion,359.24,18731,2289,0.1222,44.19,15,0,4,0.2995,13,0
Referral,South,High Value,Retargeting,402.97,16755,1382,0.0825,75.78,5,0,9,0.0352,7,1
SMS,East,High Value,Awareness,605.57,15076,3467,0.2299,29.64,0,1,6,0.204,54,1
Organic,West,High Value,Awareness,282.77,7899,877,0.1111,38.13,20,3,5,0.3118,102,0
Organic,North,New,Retargeting,357.49,19791,2732,0.138,51.42,5,1,5,0.2932,39,0
Email,Central,Returning,Awareness,551.71,14413,2880,0.1998,90.28,15,1,6,0.3115,108,0
Referral,South,Returning,Retargeting,567.05,10264,680,0.0663,79.09,15,1,6,0.4129,34,1
Google Ads,North,New,Conversion,318.35,8993,232,0.0259,25.18,0,2,1,0.2461,2,0
Google Ads,West,New,Seasonal,228.6,13156,1547,0.1176,85.03,30,0,4,0.0701,17,1
Referral,West,Returning,Retargeting,316.76,4480,590,0.1316,84.99,20,2,4,0.3805,24,0
SMS,West,High Value,Conversion,330.61,15149,1432,0.0946,34.52,10,0,3,0.1304,26,1
SMS,North,New,Retargeting,224.71,7709,1826,0.2369,10.0,15,0,4,0.325,60,1
Instagram,North,High Value,Conversion,240.49,13668,1177,0.0861,56.56,10,1,8,0.1299,30,0
Referral,South,Returning,Conversion,567.4,9653,2022,0.2095,80.45,20,2,3,0.2744,52,1
Organic,East,High Value,Awareness,411.25,10810,1035,0.0958,89.83,0,1,8,0.2294,23,0
Instagram,Central,Returning,Seasonal,291.78,8594,283,0.0329,40.58,10,1,3,0.4446,20,0
Email,South,Returning,Retargeting,198.15,11274,302,0.0268,93.04,10,2,5,0.2049,110,0
Email,North,Returning,Seasonal,241.84,20502,3881,0.1893,13.44,10,2,3,0.3179,135,1
Organic,Central,Dormant,Seasonal,142.67,18233,1882,0.1032,50.64,10,0,7,0.5831,31,0
Google Ads,North,Returning,Seasonal,363.44,13595,1038,0.0764,49.66,0,2,4,0.3748,78,0
SMS,North,Returning,Awareness,235.67,11886,1413,0.1189,81.05,30,2,8,0.1537,45,0
Google Ads,East,Returning,Seasonal,376.27,15799,1169,0.074,83.97,0,0,6,0.123,61,0
SMS,East,High Value,Conversion,452.65,17085,2396,0.1402,77.08,0,2,6,0.216,1,0
Google Ads,West,New,Conversion,378.72,8266,982,0.1188,30.99,10,4,7,0.4707,7,0
Organic,Central,Returning,Conversion,275.53,11652,796,0.0684,75.25,15,2,4,0.1172,4,0
Email,Central,Returning,Conversion,219.32,3801,514,0.1353,68.18,0,0,9,0.1806,8,0
Google Ads,South,Dormant,Conversion,184.48,17054,3178,0.1864,24.58,15,1,6,0.3665,28,1
Organic,Central,Returning,Awareness,543.09,21293,3091,0.1452,16.66,20,2,5,0.1618,68,0
SMS,West,Returning,Awareness,371.43,12360,296,0.024,78.76,0,2,4,0.2391,2,0
Organic,North,Dormant,Conversion,282.69,2437,251,0.1032,54.4,30,0,6,0.1402,11,0
Email,Central,Returning,Seasonal,426.4,14740,1000,0.0678,32.3,10,1,6,0.534,16,1
Instagram,North,New,Retargeting,504.77,7932,1523,0.1921,53.84,15,1,4,0.4776,56,1
Email,East,New,Conversion,237.95,9015,1814,0.2012,65.28,0,3,2,0.2975,3,0
Email,West,New,Conversion,366.47,14820,3260,0.2199,56.34,20,2,7,0.135,1,0
Referral,South,New,Conversion,369.77,13145,1088,0.0828,26.96,25,3,3,0.4639,30,1
Referral,South,Returning,Awareness,594.08,9804,703,0.0717,95.71,0,2,2,0.0514,62,0
Organic,East,High Value,Retargeting,280.9,9077,1794,0.1976,78.08,0,1,6,0.1087,13,1
Organic,Central,High Value,Awareness,215.62,12566,288,0.0229,51.29,5,0,3,0.2337,32,1
Referral,South,New,Retargeting,384.45,10157,597,0.0588,52.1,0,2,4,0.1432,20,1
Organic,West,Returning,Retargeting,441.95,7008,861,0.1228,65.19,30,1,6,0.3994,67,1
Email,East,New,Conversion,353.21,10503,1706,0.1624,35.41,15,5,7,0.0639,31,1
Instagram,North,Dormant,Seasonal,612.04,13528,1185,0.0876,64.45,15,1,3,0.1152,139,0
Google Ads,West,New,Conversion,280.49,11199,1045,0.0933,31.39,30,1,7,0.2866,72,0
Organic,Central,Returning,Seasonal,357.11,5639,214,0.038,56.59,20,1,3,0.1677,88,0
Email,East,New,Retargeting,161.47,16451,1224,0.0744,34.63,20,1,2,0.0628,6,0
Google Ads,North,Returning,Retargeting,210.01,800,189,0.2368,35.64,10,4,4,0.3083,24,1
Referral,North,Returning,Retargeting,238.66,9991,1695,0.1696,90.91,10,2,6,0.1355,46,0
Email,East,High Value,Retargeting,301.78,9209,1567,0.1702,59.18,5,1,5,0.4098,145,0
Google Ads,East,New,Seasonal,174.3,12667,526,0.0415,62.15,10,1,6,0.3692,2,1
Organic,East,Dormant,Conversion,423.76,14527,821,0.0565,17.77,10,0,5,0.198,20,0
Referral,South,Returning,Retargeting,228.89,17070,1059,0.062,46.06,0,2,15,0.2296,29,1
Instagram,East,High Value,Retargeting,784.74,8794,1085,0.1234,67.22,10,0,4,0.2316,12,1
Organic,South,High Value,Conversion,232.66,14640,1048,0.0716,61.88,10,0,4,0.3351,13,1
Instagram,West,Dormant,Seasonal,340.8,12881,458,0.0356,14.92,5,3,8,0.3566,15,0
Organic,West,New,Conversion,321.95,4298,433,0.1007,62.14,0,3,9,0.2936,92,1
Instagram,West,New,Conversion,201.65,20552,3487,0.1697,65.33,10,2,6,0.2144,9,0
Google Ads,North,New,Awareness,302.31,5526,226,0.041,83.68,10,0,1,0.436,5,1
Instagram,Central,New,Awareness,300.62,13888,1790,0.1289,44.9,20,0,5,0.4185,1,0
Instagram,North,Returning,Retargeting,480.46,13755,1422,0.1034,13.16,20,2,2,0.3471,121,0
Organic,Central,Dormant,Conversion,390.81,13240,2876,0.2172,38.06,5,0,7,0.0465,10,1
Instagram,North,Dormant,Conversion,421.04,9774,367,0.0375,36.06,0,3,5,0.2767,31,0
Email,East,Returning,Awareness,475.86,15723,1390,0.0884,72.73,5,4,4,0.1859,62,0
Instagram,North,Returning,Conversion,424.03,4978,1224,0.2458,10.0,0,2,6,0.2368,40,1
Referral,North,Dormant,Retargeting,365.12,11704,1248,0.1066,49.03,10,2,8,0.117,17,0
Organic,West,Dormant,Seasonal,237.65,9463,892,0.0943,86.52,30,2,7,0.428,1,1
SMS,West,New,Awareness,354.88,8952,525,0.0587,58.14,5,1,6,0.0825,14,0
Instagram,North,Returning,Conversion,217.22,13929,3070,0.2204,75.93,10,1,3,0.1929,128,0
Google Ads,Central,High Value,Conversion,312.66,16849,2456,0.1458,25.16,20,2,6,0.1274,2,0
Email,South,New,Retargeting,294.57,10455,1544,0.1477,25.96,10,2,5,0.1124,45,0
Google Ads,South,Returning,Conversion,303.02,15513,2812,0.1812,86.74,0,1,2,0.4249,30,1
SMS,South,Dormant,Conversion,175.15,12224,2057,0.1683,60.02,0,1,3,0.3308,2,0
Referral,East,Dormant,Conversion,69.48,7983,1759,0.2204,60.07,25,0,7,0.4298,31,1
Google Ads,North,Dormant,Conversion,270.42,10839,1001,0.0923,35.64,0,0,3,0.1237,27,0
Instagram,East,High Value,Conversion,524.43,10652,2612,0.2452,60.02,15,1,6,0.2636,9,0
Organic,South,New,Conversion,338.58,8865,246,0.0277,35.08,20,2,5,0.4068,7,1
Google Ads,North,New,Retargeting,507.71,13928,1995,0.1432,81.74,5,0,5,0.0908,1,1
Email,South,Returning,Retargeting,217.9,13056,571,0.0438,112.56,20,1,5,0.114,127,0
Instagram,West,Returning,Conversion,264.37,4842,524,0.1083,67.68,0,1,5,0.2336,19,1
Email,West,Returning,Retargeting,806.01,4568,1211,0.2652,45.3,5,0,3,0.2265,105,1
Instagram,South,Returning,Seasonal,224.06,13911,761,0.0547,10.0,10,0,8,0.0243,40,1
Email,South,Returning,Awareness,417.44,8331,1759,0.2112,24.31,30,0,3,0.0462,60,0
Google Ads,West,High Value,Conversion,417.16,13359,1002,0.075,89.1,5,1,7,0.4868,87,0
Google Ads,West,New,Conversion,397.18,15514,830,0.0535,37.42,0,1,8,0.0523,6,1
Instagram,Central,New,Retargeting,419.76,6281,595,0.0948,50.58,25,2,4,0.1233,24,0
Google Ads,Central,New,Awareness,222.56,5648,743,0.1315,71.11,0,1,7,0.2841,13,0
SMS,Central,New,Retargeting,276.32,19535,2468,0.1263,87.65,25,1,3,0.1787,40,0
Organic,Central,Dormant,Conversion,80.44,13582,3850,0.2835,54.01,15,1,5,0.1347,1,0
Google Ads,East,Returning,Conversion,602.91,10113,262,0.0259,49.91,15,3,3,0.09,30,0
Instagram,South,New,Seasonal,418.66,7797,605,0.0776,59.43,20,2,5,0.2886,19,0
Organic,South,High Value,Conversion,238.79,9703,450,0.0463,45.45,20,1,8,0.5795,12,1
Instagram,South,Returning,Seasonal,219.01,6642,1501,0.226,46.52,0,1,3,0.0145,29,0
Instagram,West,New,Seasonal,528.43,15975,893,0.0559,66.24,30,2,6,0.2096,30,1
Organic,West,New,Seasonal,231.07,8505,470,0.0552,61.71,30,3,4,0.5572,22,1
Google Ads,Central,New,Awareness,238.44,16921,1993,0.1178,100.63,25,0,5,0.3743,33,1
Organic,North,High Value,Retargeting,197.58,10197,675,0.0661,66.78,15,5,4,0.2172,6,0
Google Ads,East,New,Awareness,453.12,7305,1717,0.2351,81.02,15,2,7,0.15,65,0
Referral,South,New,Conversion,504.45,10082,320,0.0318,36.57,15,0,10,0.2891,70,1
Instagram,Central,New,Seasonal,295.38,800,29,0.0367,68.5,0,2,5,0.0664,99,0
Instagram,South,Returning,Retargeting,505.89,11457,305,0.0266,43.54,10,3,4,0.3579,41,0
Instagram,North,New,Conversion,382.46,11234,575,0.0512,65.91,15,1,6,0.4512,14,0
Email,East,High Value,Conversion,191.93,15711,2125,0.1353,71.77,15,0,5,0.534,129,1
Organic,Central,New,Retargeting,583.58,3512,525,0.1494,59.0,10,0,1,0.1529,32,0
Instagram,Central,Returning,Retargeting,196.59,17228,1299,0.0754,106.15,10,0,4,0.4955,26,1
Google Ads,North,Returning,Conversion,305.07,15693,3334,0.2124,86.56,15,0,2,0.5244,10,0
Organic,South,Returning,Seasonal,295.77,17634,352,0.02,81.54,10,2,7,0.341,38,0
Organic,North,New,Awareness,272.42,11763,1396,0.1187,73.29,30,4,4,0.1898,129,0
Google Ads,South,High Value,Awareness,119.87,16563,826,0.0499,93.27,20,4,5,0.2824,31,0
Google Ads,East,Dormant,Retargeting,730.59,5379,547,0.1017,29.26,0,2,6,0.1245,110,0
SMS,South,New,Seasonal,128.41,15209,1688,0.111,85.41,0,0,5,0.2584,81,0
Referral,North,New,Awareness,599.67,8530,854,0.1001,38.18,20,0,6,0.1015,151,0
Organic,East,Dormant,Awareness,215.53,4569,564,0.1235,46.71,10,0,4,0.2643,76,0
Organic,North,Returning,Awareness,249.13,6941,335,0.0482,69.23,20,1,8,0.1625,18,1
Organic,South,New,Seasonal,573.69,12025,1189,0.0989,82.66,0,1,4,0.1913,82,0
Instagram,North,New,Awareness,400.59,8291,460,0.0555,34.93,0,1,8,0.2383,10,0
Google Ads,North,High Value,Conversion,164.2,13692,558,0.0407,47.75,10,2,6,0.2479,3,0
Email,East,High Value,Seasonal,162.53,3863,449,0.1162,59.95,20,4,2,0.2561,35,0
Referral,Central,Returning,Awareness,374.85,2428,218,0.0898,54.27,30,1,7,0.2061,59,0
SMS,West,Dormant,Conversion,194.97,18176,371,0.0204,75.08,25,1,6,0.0475,114,0
Google Ads,North,Returning,Conversion,408.9,16067,517,0.0322,126.72,10,0,3,0.2492,2,0
Google Ads,North,New,Retargeting,427.33,7278,198,0.0272,66.39,20,0,5,0.107,24,0
Email,South,Returning,Conversion,226.32,11987,2534,0.2114,43.3,0,2,7,0.3009,45,0
SMS,West,Returning,Conversion,255.34,16588,508,0.0306,32.07,15,1,5,0.2228,15,1
Email,West,New,Awareness,380.26,13886,1600,0.1152,51.49,25,1,6,0.434,65,1
Email,Central,New,Retargeting,221.68,12667,1237,0.0976,39.2,10,0,10,0.2811,7,0
Instagram,South,Returning,Retargeting,338.79,16928,2643,0.1561,67.35,30,3,4,0.4446,97,0
Email,North,High Value,Awareness,828.1,8712,181,0.0208,67.04,5,2,5,0.2427,74,1
Google Ads,North,New,Conversion,388.3,12140,2008,0.1654,48.74,0,1,4,0.1081,19,1
Google Ads,North,Returning,Seasonal,274.17,11920,1765,0.148,97.7,15,1,6,0.3245,30,0
Instagram,North,Returning,Awareness,764.0,10773,1536,0.1426,43.29,25,1,4,0.4749,7,1
Email,Central,Returning,Conversion,467.39,10246,1340,0.1308,55.61,10,2,8,0.4919,110,1
Email,South,High Value,Conversion,197.22,12328,1820,0.1477,70.78,20,0,3,0.4465,29,1
Instagram,Central,High Value,Conversion,215.04,12155,491,0.0404,75.84,0,1,1,0.4623,21,0
Email,East,High Value,Conversion,136.19,7282,562,0.0772,83.55,20,2,5,0.0991,88,0
Referral,East,New,Conversion,377.2,15608,2752,0.1763,66.57,15,1,6,0.0234,24,1
Instagram,East,Returning,Awareness,108.75,7606,996,0.131,79.02,0,1,6,0.5057,4,0
Instagram,Central,Returning,Conversion,763.57,11018,1437,0.1304,44.7,20,3,6,0.1061,43,0
Instagram,North,New,Retargeting,289.28,10671,625,0.0585,76.36,20,4,2,0.4018,13,1
Google Ads,North,New,Conversion,480.13,13611,1093,0.0803,76.09,15,5,5,0.106,42,0
Email,East,New,Awareness,277.42,2464,80,0.0326,88.26,5,4,3,0.1034,31,0
Email,South,Returning,Retargeting,374.27,16009,1875,0.1171,24.63,0,1,6,0.118,4,1
Organic,East,Returning,Awareness,306.95,8954,400,0.0447,39.86,30,4,2,0.0818,95,1
Email,West,New,Retargeting,334.44,17490,1134,0.0649,74.46,15,0,5,0.4426,39,0
Google Ads,East,High Value,Conversion,545.83,9848,157,0.0159,10.0,20,5,8,0.3718,63,0
Google Ads,South,Dormant,Retargeting,661.68,11780,512,0.0435,67.84,20,2,5,0.3309,202,0
Instagram,South,New,Awareness,638.68,20612,1165,0.0565,79.2,20,0,2,0.0978,35,0
Google Ads,West,Dormant,Awareness,1112.96,10752,357,0.0332,46.47,0,0,4,0.1975,6,0
Organic,South,New,Conversion,233.12,17575,3358,0.1911,49.4,10,0,5,0.2408,102,0
Organic,East,Dormant,Awareness,390.49,12176,232,0.0191,36.52,15,1,9,0.1025,107,0
Instagram,East,Dormant,Awareness,235.66,13869,835,0.0602,47.57,0,1,4,0.2501,12,0
Instagram,West,New,Retargeting,535.87,12315,482,0.0392,48.15,0,2,1,0.231,22,0
Instagram,West,High Value,Retargeting,201.83,15815,1682,0.1063,44.34,15,0,1,0.1784,15,0
Google Ads,East,Dormant,Awareness,550.05,8915,1283,0.144,43.25,25,4,6,0.2201,12,1
Referral,South,Dormant,Seasonal,358.55,7572,703,0.0928,52.58,15,1,6,0.053,93,0
Instagram,South,Dormant,Retargeting,314.9,9126,1324,0.1451,52.34,0,1,6,0.3362,9,0
Instagram,East,Returning,Seasonal,331.4,12449,2701,0.217,95.48,30,1,5,0.4078,35,1
SMS,South,New,Retargeting,184.76,11006,193,0.0175,50.12,0,1,6,0.2221,15,0
Email,West,High Value,Retargeting,192.37,15196,1250,0.0823,64.88,5,1,6,0.116,30,0
Google Ads,South,Returning,Conversion,361.42,17871,4958,0.2774,46.46,30,1,7,0.3493,143,0
Referral,West,Returning,Retargeting,360.32,7609,273,0.0359,46.21,20,1,7,0.0393,43,1
Email,West,Returning,Seasonal,240.69,8697,596,0.0685,23.91,25,2,5,0.2215,26,1
Email,Central,Returning,Awareness,287.83,5537,334,0.0603,26.57,20,0,4,0.0945,16,0
Email,North,New,Conversion,405.18,21137,2147,0.1016,33.86,15,0,4,0.0705,52,0
Organic,West,High Value,Awareness,221.11,13371,817,0.0611,61.67,5,1,5,0.2176,55,0
Email,North,New,Seasonal,128.08,14159,1781,0.1258,79.52,10,2,3,0.4494,62,0
Instagram,South,High Value,Conversion,612.6,5969,643,0.1077,22.27,30,1,5,0.2332,18,1
Email,North,High Value,Retargeting,372.81,11995,1597,0.1331,47.02,25,0,7,0.1692,13,1
Email,North,Returning,Retargeting,261.04,14292,1551,0.1086,30.66,10,1,13,0.085,15,1
Google Ads,North,Returning,Seasonal,235.32,10863,2608,0.2401,52.71,10,0,5,0.4714,41,0
Instagram,North,New,Awareness,220.09,16841,794,0.0471,79.52,5,3,6,0.0552,54,0
Google Ads,Central,Dormant,Retargeting,534.92,22403,4023,0.1796,49.06,10,2,5,0.4857,51,0
Google Ads,North,High Value,Seasonal,169.67,7738,255,0.033,57.05,25,1,5,0.1577,34,0
Organic,South,Returning,Awareness,390.04,7401,313,0.0423,87.1,0,2,9,0.3095,153,0
Email,West,New,Retargeting,389.9,8050,1159,0.144,67.16,10,1,2,0.1868,20,1
Organic,Central,New,Conversion,456.76,19228,1011,0.0526,42.8,30,0,4,0.2529,117,0
Google Ads,Central,Returning,Retargeting,272.74,16691,1934,0.1159,61.18,15,1,7,0.3369,26,0
Email,North,Dormant,Conversion,589.29,11390,736,0.0646,41.45,10,1,6,0.282,32,0
Organic,Central,High Value,Conversion,462.78,12165,409,0.0336,66.41,10,4,4,0.2441,295,0
Organic,West,New,Awareness,268.46,8326,837,0.1006,68.31,0,1,11,0.0802,45,0
Instagram,North,Dormant,Awareness,230.14,16005,554,0.0346,30.66,5,1,4,0.5417,101,0
Organic,East,Returning,Awareness,307.34,10290,676,0.0657,61.5,0,3,2,0.2966,73,0
Google Ads,Central,Dormant,Retargeting,264.3,10830,797,0.0736,55.65,0,1,7,0.546,36,0
Google Ads,South,New,Conversion,212.47,14740,2249,0.1526,68.89,0,1,6,0.0756,27,0
SMS,North,Returning,Awareness,338.11,11154,1026,0.092,74.63,5,3,4,0.1112,53,1
Instagram,Central,Dormant,Retargeting,288.71,10943,2311,0.2112,67.55,0,1,4,0.0695,51,1
Organic,Central,New,Retargeting,651.68,12048,908,0.0754,51.94,30,0,5,0.3257,88,1
Instagram,Central,High Value,Conversion,264.1,15579,3415,0.2192,76.67,0,2,4,0.5588,61,1
Organic,Central,Dormant,Seasonal,229.16,19409,2611,0.1345,40.54,10,2,4,0.3616,29,1
Google Ads,Central,New,Conversion,328.22,14635,920,0.0629,31.59,25,2,7,0.3871,61,0
Instagram,East,New,Retargeting,367.52,15615,789,0.0505,10.0,0,0,3,0.1378,24,1
Google Ads,North,High Value,Awareness,380.2,11101,1021,0.0919,56.6,10,2,3,0.311,7,1
Instagram,West,New,Retargeting,378.53,8815,1233,0.1399,41.57,25,0,5,0.2018,49,0
Email,South,New,Seasonal,333.28,14943,777,0.052,65.96,15,2,3,0.2576,8,0
Email,East,Returning,Retargeting,322.35,12771,2317,0.1814,18.58,5,2,6,0.1408,4,1
Instagram,West,High Value,Conversion,428.42,5598,182,0.0325,45.06,20,0,6,0.1189,41,1
Email,Central,New,Retargeting,203.29,10524,280,0.0266,67.41,15,0,7,0.1809,49,0
Email,South,New,Conversion,229.93,11627,642,0.0552,37.4,10,2,1,0.2889,9,1
Referral,South,High Value,Retargeting,148.68,9703,2080,0.2143,66.19,0,2,5,0.4919,49,1
Referral,West,Returning,Retargeting,204.89,18668,1248,0.0669,46.86,0,1,4,0.0377,52,1
